,Display,Rear Camera,Processor,Price1,Front Camera2,Battery1,Name1,RAM1,ROM1
0,16.94 ,64MP + 13MP + 2MP + 2MP ,Qualcomm Snapdragon 732G Processor,"15,999", 20,6000 ,POCO X3 (Cobalt Blue),6 GB , 128 GB 
1,16.59 ,13MP Rear Camera ,MediaTek Helio G25 Processor,"7,999", 5,5000 ,Redmi 9i (Nature Green),4 GB , 64 GB 
2,16.94 ,64MP + 13MP + 2MP + 2MP ,Qualcomm Snapdragon 732G Processor,"15,999", 20,6000 ,POCO X3 (Shadow Gray),6 GB , 128 GB 
3,16.59 ,13MP + 8MP + 5MP + 2MP ,MediaTek Helio G80 Processor,"9,999", 8,5000 ,POCO M2 (Brick Red),6 GB , 64 GB 
4,16.59 ,13MP + 2MP + 2MP ,Mediatek Helio G35 Processor,"6,999", 5,5000 ,POCO C3 (Arctic Blue),3 GB , 32 GB 
5,16.59 ,13MP + 8MP + 5MP + 2MP ,MediaTek Helio G80 Processor,"9,999", 8,5000 ,POCO M2 (Pitch Black),6 GB , 64 GB 
6,16.94 ,64MP + 13MP + 2MP + 2MP ,Qualcomm Snapdragon 732G Processor,"14,999", 20,6000 ,POCO X3 (Cobalt Blue),6 GB , 64 GB 
7,16.59 ,13MP + 2MP + 2MP ,Mediatek Helio G35 Processor,"6,999", 5,5000 ,POCO C3 (Matte Black),3 GB , 32 GB 
8,16.59 ,13MP + 2MP + 2MP ,Mediatek Helio G35 Processor,"7,999", 5,5000 ,POCO C3 (Arctic Blue),4 GB , 64 GB 
9,16.59 ,13MP + 2MP + 2MP ,Mediatek Helio G35 Processor,"7,999", 5,5000 ,POCO C3 (Lime Green),4 GB , 64 GB 
10,16.56 ,48MP + 8MP + 2MP ,MediaTek Helio G85 Processor,"10,499", 8,6000 ,Realme Narzo 20 (Glory Silver),4 GB , 64 GB 
11,16.59 ,13MP + 2MP + 2MP ,Mediatek Helio G35 Processor,"6,999", 5,5000 ,POCO C3 (Lime Green),3 GB , 32 GB 
12,16.59 ,13MP Rear Camera ,MediaTek Helio G80 Processor,"9,499", 8,5020 ,Redmi 9 Prime (Space Blue),4 GB , 64 GB 
13,16.59 ,13MP + 2MP + 2MP ,Mediatek Helio G35 Processor,"7,999", 5,5000 ,POCO C3 (Matte Black),4 GB , 64 GB 
14,16.56 ,48MP + 8MP + 2MP ,MediaTek Helio G85 Processor,"11,499", 8,6000 ,Realme Narzo 20 (Victory Blue),4 GB , 128 GB 
15,16.56 ,48MP + 8MP + 2MP ,MediaTek Helio G85 Processor,"11,499", 8,6000 ,Realme Narzo 20 (Glory Silver),4 GB , 128 GB 
16,16.56 ,48MP + 8MP + 2MP ,MediaTek Helio G85 Processor,"10,499", 8,6000 ,Realme Narzo 20 (Victory Blue),4 GB , 64 GB 
17,16.51 ,12MP + 2MP + 2MP ,Qualcomm Snapdragon 665 Processor,"9,499", 8,5000 ,Realme Narzo 20A (Glory Silver),4 GB , 64 GB 
18,16.51 ,12MP + 2MP + 2MP ,Qualcomm Snapdragon 665 Processor,"9,499", 8,5000 ,Realme Narzo 20A (Victory Blue),4 GB , 64 GB 
19,16.51 ,12MP + 2MP + 2MP ,Qualcomm Snapdragon 665 Processor,"8,499", 8,5000 ,Realme Narzo 20A (Victory Blue),3 GB , 32 GB 
20,16.59 ,13MP + 8MP + 5MP + 2MP ,MediaTek Helio G80 Processor,"10,999", 8,5000 ,POCO M2 (Slate Blue),6 GB , 128 GB 
21,16.51 ,64MP + 8MP + 2MP + 2MP ,MediaTek Helio G95 Processor,"14,999", 16,5000 ,Realme 7 (Mist Blue),6 GB , 64 GB 
22,16.59 ,13MP + 8MP + 5MP + 2MP ,MediaTek Helio G80 Processor,"10,999", 8,5000 ,POCO M2 (Pitch Black),6 GB , 128 GB 
23,16.59 ,13MP + 8MP + 5MP + 2MP ,MediaTek Helio G80 Processor,"9,999", 8,5000 ,POCO M2 (Slate Blue),6 GB , 64 GB 
24,16.59 ,13MP Rear Camera ,MediaTek Helio G25 Processor,"7,999", 5,5000 ,Redmi 9i (Midnight Black),4 GB , 64 GB 
25,16.59 ,13MP Rear Camera ,MediaTek Helio G80 Processor,"9,499", 8,5020 ,Redmi 9 Prime (Mint Green),4 GB , 64 GB 
26,16.59 ,13MP Rear Camera ,MediaTek Helio G80 Processor,"9,499", 8,5020 ,Redmi 9 Prime (Matte Black),4 GB , 64 GB 
27,16.26 ,64MP + 8MP + 5MP ,Exynos 9611 Processor,"14,999", 32,6000 ,Samsung Galaxy F41 (Fusion Blue),6 GB , 64 GB 
28,16.94 ,48MP + 8MP + 5MP + 2MP ,Qualcomm Snapdragon 720G Processor,"11,999", 16,5000 ,POCO M2 Pro (Out of the Blue),4 GB , 64 GB 
29,16.94 ,48MP + 8MP + 5MP + 2MP ,Qualcomm Snapdragon 720G Processor,"11,999", 16,5000 ,POCO M2 Pro (Green and Greener),4 GB , 64 GB 
30,16.94 ,48MP + 8MP + 5MP + 2MP ,Qualcomm Snapdragon 720G Processor,"12,999", 16,5000 ,POCO M2 Pro (Two Shades of Black),6 GB , 64 GB 
31,17.22 ,16MP + 2MP + 2MP + Low Light Sensor ,MediaTek Helio G70 Processor,"9,499", 8,5200 ,Infinix Hot 10 (Moonlight Jade),4 GB , 64 GB 
32,17.22 ,16MP + 2MP + 2MP + Low Light Sensor ,MediaTek Helio G70 Processor,"9,499", 8,5200 ,Infinix Hot 10 (Ocean Wave),4 GB , 64 GB 
33,16.59 ,13MP Rear Camera ,MediaTek Helio G80 Processor,"9,499", 8,5020 ,Redmi 9 Prime (Sunrise Flare),4 GB , 64 GB 
34,16.94 ,48MP + 8MP + 5MP + 2MP ,Qualcomm Snapdragon 720G Processor,"12,999", 16,5000 ,POCO M2 Pro (Out of the Blue),6 GB , 64 GB 
35,16.26 ,64MP + 8MP + 5MP ,Exynos 9611 Processor,"15,999", 32,6000 ,Samsung Galaxy F41 (Fusion Blue),6 GB , 128 GB 
36,16.51 ,64MP + 8MP + 2MP + 2MP ,MediaTek Helio G90T Processor,"12,999", 16,4300 ,Realme 6 (Comet White),6 GB , 64 GB 
37,16.51 ,64MP + 8MP + 2MP + 2MP ,MediaTek Helio G90T Processor,"12,999", 16,4300 ,Realme 6 (Comet Blue),6 GB , 64 GB 
38,16.59 ,13MP + 8MP + 5MP + 2MP ,MediaTek Helio G80 Processor,"10,999", 8,5000 ,POCO M2 (Brick Red),6 GB , 128 GB 
39,16.51 ,64MP + 8MP + 2MP + 2MP ,Qualcomm Snapdragon 662 Processor,"12,999", 16,5000 ,Realme 7i (Fusion Blue),4 GB , 128 GB 
40,16.94 ,48MP + 8MP + 5MP + 2MP ,Qualcomm Snapdragon 720G Processor,"11,999", 16,5000 ,POCO M2 Pro (Two Shades of Black),4 GB , 64 GB 
41,16.51 ,64MP + 8MP + 2MP + 2MP ,Qualcomm Snapdragon 662 Processor,"12,999", 16,5000 ,Realme 7i (Fusion Green),4 GB , 128 GB 
42,16.56 ,13MP + 2MP + 2MP ,Mediatek Helio G35 Processor,"8,999", 5,6000 ,Realme C12 (Power Blue),3 GB , 32 GB 
43,16.51 ,13MP + 2MP ,Mediatek Helio G35 Processor,"7,499", 5,5000 ,Realme C11 (Rich Green),2 GB , 32 GB 
44,16.51 ,13MP + 2MP ,Mediatek Helio G35 Processor,"7,499", 5,5000 ,Realme C11 (Rich Grey),2 GB , 32 GB 
45,16.56 ,13MP + 2MP + 2MP ,Mediatek Helio G35 Processor,"8,999", 5,6000 ,Realme C12 (Power Silver),3 GB , 32 GB 
46,17.32 ,13MP + Depth Sensor ,Mediatek Helio A25 Processor,"7,999", 8,6000 ,Infinix Smart 4 Plus (Midnight Black),3 GB , 32 GB 
47,17.32 ,13MP + Depth Sensor ,Mediatek Helio A25 Processor,"7,999", 8,6000 ,Infinix Smart 4 Plus (Violet),3 GB , 32 GB 
48,17.32 ,13MP + Depth Sensor ,Mediatek Helio A25 Processor,"7,999", 8,6000 ,Infinix Smart 4 Plus (Ocean Wave),3 GB , 32 GB 
49,15.75 ,13MP + 2MP ,MediaTek Helio P35 Processor,"9,990", 8,4230 ,OPPO A5s (Black),4 GB , 64 GB 
50,15.75 ,13MP + 2MP ,MediaTek Helio P35 Processor,"7,990", 8,4230 ,OPPO A5s (Blue),2 GB , 32 GB 
51,16.94 ,64MP + 13MP + 2MP + 2MP ,Qualcomm Snapdragon 732G Processor,"17,999", 20,6000 ,POCO X3 (Shadow Gray),8 GB , 128 GB 
52,17.22 ,16MP + 2MP + 2MP + Low Light Sensor ,MediaTek Helio G70 Processor,"10,999", 8,5200 ,Infinix Hot 10 (Ocean Wave),6 GB , 128 GB 
53,17.22 ,16MP + 2MP + 2MP + Low Light Sensor ,MediaTek Helio G70 Processor,"10,999", 8,5200 ,Infinix Hot 10 (Amber Red),6 GB , 128 GB 
54,17.22 ,16MP + 2MP + 2MP + Low Light Sensor ,MediaTek Helio G70 Processor,"10,999", 8,5200 ,Infinix Hot 10 (Moonlight Jade),6 GB , 128 GB 
55,16.26 ,64MP + 8MP + 5MP ,Exynos 9611 Processor,"14,999", 32,6000 ,Samsung Galaxy F41 (Fusion Black),6 GB , 64 GB 
56,17.32 ,13MP + Depth Sensor ,MediaTek Helio A22 Processor,"6,999", 8,6000 ,Infinix Smart 4 (Ocean Wave),2 GB , 32 GB 
57,17.32 ,13MP + Depth Sensor ,MediaTek Helio A22 Processor,"6,999", 8,6000 ,Infinix Smart 4 (Violet),2 GB , 32 GB 
58,17.32 ,13MP + Depth Sensor ,MediaTek Helio A22 Processor,"6,999", 8,6000 ,Infinix Smart 4 (Quetzal Cyan),2 GB , 32 GB 
59,16.51 ,48MP + 8MP + 2MP + 2MP ,MediaTek Helio G95 Processor,"15,999", 16,4500 ,Realme Narzo 20 Pro (White Knight),8 GB , 128 GB 
60,16.26 ,64MP + 8MP + 5MP ,Exynos 9611 Processor,"14,999", 32,6000 ,Samsung Galaxy F41 (Fusion Green),6 GB , 64 GB 
61,15.75 ,13MP + 2MP ,MediaTek Helio P35 Processor,"12,990", 8,4230 ,OPPO A5s (Green),4 GB , 64 GB 
62,16.26 ,64MP + 8MP + 5MP ,Exynos 9611 Processor,"15,999", 32,6000 ,Samsung Galaxy F41 (Fusion Black),6 GB , 128 GB 
63,16.51 ,48MP + 8MP + 2MP + 2MP ,MediaTek Helio P70 Processor,"15,990", 16,4000 ,OPPO Reno2 F (Lake Green),6 GB , 256 GB 
64,15.8 ,13MP + 2MP ,Qualcomm Snapdragon 439 Processor,"6,999", 8,5000 ,Redmi 8A Dual (Sky White),2 GB , 32 GB 
65,15.8 ,13MP + 2MP ,MediaTek Helio P35 Processor,"7,990", 5,4230 ,OPPO A12 (Black),3 GB , 32 GB 
66,17.22 ,16MP + 2MP + 2MP + Low Light Sensor ,MediaTek Helio G70 Processor,"10,999", 8,5200 ,Infinix Hot 10 (Obsidian Black),6 GB , 128 GB 
67,15.75 ,13MP + 2MP ,MediaTek Helio P35 Processor,"7,990", 8,4230 ,OPPO A5s (Black),2 GB , 32 GB 
68,16.26 ,64MP + 8MP + 5MP ,Exynos 9611 Processor,"15,999", 32,6000 ,Samsung Galaxy F41 (Fusion Green),6 GB , 128 GB 
69,16.51 ,48MP + 8MP + 2MP + 2MP ,MediaTek Helio G95 Processor,"13,999", 16,4500 ,Realme Narzo 20 Pro (White Knight),6 GB , 64 GB 
70,16.51 ,64MP + 8MP + 2MP + 2MP ,MediaTek Helio G95 Processor,"16,999", 16,5000 ,Realme 7 (Mist Blue),8 GB , 128 GB 
71,16.26 ,64MP + 8MP + 2MP + 2MP ,Qualcomm Snapdragon 720G Processor,"21,999", 32,4500 ,Realme 7 Pro (Mirror Blue),8 GB , 128 GB 
72,15.8 ,13MP + 2MP ,MediaTek Helio P35 Processor,"11,490", 5,4230 ,OPPO A12 (Black),4 GB , 64 GB 
73,15.49 ,13MP + Digital Camera ,Octa Core Processor,"5,499", 5,5000 ,Gionee Max (Royal Blue),2 GB , 32 GB 
74,16.94 ,64MP + 13MP + 2MP + 2MP ,Qualcomm Snapdragon 732G Processor,"14,999", 20,6000 ,POCO X3 (Shadow Gray),6 GB , 64 GB 
75,17.78 ,13MP + 2MP + 2MP + AI Lens Quad AI Camera ,MediaTek Helio A22 Quad Core Processor,"7,999", 8,6000 ,Tecno Spark Power 2 Air (Ice Jadeite),3 GB , 32 GB 
76,16.94 ,48MP + 8MP + 5MP + 2MP ,Qualcomm Snapdragon 720G Processor,"14,999", 16,5000 ,POCO M2 Pro (Out of the Blue),6 GB , 128 GB 
77,16.94 ,64MP + 8MP + 2MP + 2MP ,Qualcomm Snapdragon 730G Processor,"15,999", 20,4500 ,POCO X2 (Matrix Purple),6 GB , 128 GB 
78,15.8 ,13MP + 2MP ,MediaTek Helio P35 Processor,"7,990", 5,4230 ,OPPO A12 (Blue),3 GB , 32 GB 
79,15.8 ,13MP + 2MP ,MediaTek Helio P35 Processor,"11,490", 5,4230 ,OPPO A12 (Blue),4 GB , 64 GB 
80,16.51 ,64MP + 8MP + 2MP + 2MP ,MediaTek Helio G95 Processor,"16,999", 16,5000 ,Realme 7 (Mist White),8 GB , 128 GB 
81,15.49 ,13MP + Digital Camera ,Octa Core Processor,"5,499", 5,5000 ,Gionee Max (Red),2 GB , 32 GB 
82,15.49 ,13MP + Digital Camera ,Octa Core Processor,"5,499", 5,5000 ,Gionee Max (Black),2 GB , 32 GB 
83,16.59 ,13MP Rear Camera ,MediaTek Helio G25 Processor,"9,299", 5,5000 ,Redmi 9i (Midnight Black),4 GB , 128 GB 
84,17.78 ,13MP + 2MP + 2MP + AI Lens Quad AI Camera ,MediaTek Helio A22 Quad Core Processor,"7,999", 8,6000 ,Tecno Spark Power 2 Air (Cosmic Shine),3 GB , 32 GB 
85,14.76 ,12.2MP Rear Camera ,Qualcomm Snapdragon 730G Processor,"31,999", 8,3140 ,Google Pixel 4a (Just Black),6 GB , 128 GB 
86,16.56 ,13MP + 2MP + 2MP ,Mediatek Helio G35 Processor,"9,999", 5,6000 ,Realme C12 (Power Blue),4 GB , 64 GB 
87,16.51 ,48MP + 8MP + 2MP + 2MP ,MediaTek Helio G95 Processor,"13,999", 16,4500 ,Realme Narzo 20 Pro (Black Ninja),6 GB , 64 GB 
88,16.26 ,48MP + 8MP + 2MP + 2MP ,MediaTek Helio P70 Processor,"14,990", 16,4000 ,OPPO F15 (Unicorn White),4 GB , 128 GB 
89,16.26 ,48MP + 8MP + 2MP + 2MP ,MediaTek Helio P70 Processor,"14,990", 16,4000 ,OPPO F15 (Blazing Blue),4 GB , 128 GB 
90,16.56 ,13MP + 2MP + 2MP ,Mediatek Helio G35 Processor,"9,999", 5,6000 ,Realme C12 (Power Silver),4 GB , 64 GB 
91,16.94 ,48MP + 8MP + 5MP + 2MP ,Qualcomm Snapdragon 720G Processor,"14,999", 16,5000 ,POCO M2 Pro (Green and Greener),6 GB , 128 GB 
92,16.56 ,13MP + 8MP + 2MP + 2MP ,Mediatek Helio G35 Processor,"10,999", 8,6000 ,Realme C15 (Power Silver),4 GB , 64 GB 
93,16.56 ,13MP + 8MP + 2MP + 2MP ,Mediatek Helio G35 Processor,"10,999", 8,6000 ,Realme C15 (Power Blue),4 GB , 64 GB 
94,16.51 ,64MP + 8MP + 5MP + 2MP ,Qualcomm Snapdragon 730G Processor,"17,499", 16,5000 ,Motorola One Fusion+ (Twilight Blue),6 GB , 128 GB 
95,16.76 ,13 MP + 2 MP + 2 MP + Low Light Sensor ,MediaTek Helio P22 (64 bit) Processor,"9,499", 8,5000 ,Infinix Hot 9 (Ocean Wave),4 GB , 64 GB 
96,16.76 ,13 MP + 2 MP + 2 MP + Low Light Sensor ,MediaTek Helio P22 (64 bit) Processor,"9,499", 8,5000 ,Infinix Hot 9 (Quetzal Cyan),4 GB , 64 GB 
97,16.76 ,13 MP + 2 MP + 2 MP + Low Light Sensor ,MediaTek Helio P22 (64 bit) Processor,"9,499", 8,5000 ,Infinix Hot 9 (Violet),4 GB , 64 GB 
98,16.56 ,13MP + AI Lens Dual Camera ,MediaTek Helio A20 Quad Core Processor,"6,799", 8,5000 ,Tecno Spark Go 2020 (Ice jadeite),2 GB , 32 GB 
99,16.56 ,13MP + AI Lens Dual Camera ,MediaTek Helio A20 Quad Core Processor,"6,799", 8,5000 ,Tecno Spark Go 2020 (Mystery White),2 GB , 32 GB 
100,16.56 ,13MP + AI Lens Dual Camera ,MediaTek Helio A20 Quad Core Processor,"6,799", 8,5000 ,Tecno Spark Go 2020 (Aqua Blue),2 GB , 32 GB 
101,16.56 ,13MP + 8MP + 2MP + 2MP ,Mediatek Helio G35 Processor,"9,999", 8,6000 ,Realme C15 (Power Silver),3 GB , 32 GB 
102,16.56 ,13MP + 8MP + 2MP + 2MP ,Mediatek Helio G35 Processor,"9,999", 8,6000 ,Realme C15 (Power Blue),3 GB , 32 GB 
103,15.75 ,13MP + 2MP ,MTK MT6765 Processor,"10,350", 8,4230 ,OPPO A5s (Black),3 GB , 32 GB 
104,17.22 ,64MP + 2MP + 2MP ,Qualcomm Snapdragon 662 Processor,"11,999", 16,6000 ,Motorola G9 Power (Metallic Sage),4 GB , 64 GB 
105,15.75 ,13MP + 2MP ,MTK MT6765 Processor,"10,499", 8,4230 ,OPPO A5s (Blue),3 GB , 32 GB 
106,15.49 ,8MP Rear Camera ,MediaTek Helio A20 Processor,"6,099", 5,5000 ,Infinix Smart HD 2021 (Quartz Green),2 GB , 32 GB 
107,15.49 ,8MP Rear Camera ,MediaTek Helio A20 Processor,"6,099", 5,5000 ,Infinix Smart HD 2021 (Topaz Blue),2 GB , 32 GB 
108,15.49 ,8MP Rear Camera ,MediaTek Helio A20 Processor,"6,099", 5,5000 ,Infinix Smart HD 2021 (Obsidian Black),2 GB , 32 GB 
109,16.21 ,48MP + 8MP + 2MP + 2MP ,Qualcomm Snapdragon 665 Processor,"18,990", 32,4500 ,Vivo S1 Pro (Jazzy Blue),8 GB , 128 GB 
110,16.21 ,48MP + 8MP + 2MP + 2MP ,Qualcomm Snapdragon 665 Processor,"18,990", 32,4500 ,Vivo S1 Pro (Mystic Black),8 GB , 128 GB 
111,16.21 ,48MP + 8MP + 2MP + 2MP ,Qualcomm Snapdragon 665 Processor,"18,990", 32,4500 ,Vivo S1 Pro (Dreamy White),8 GB , 128 GB 
112,16.56 ,13MP + AI Lens Dual AI Camera ,MediaTek Helio A25 Processor,"8,699", 8,5000 ,Tecno Spark 6 Go (Mystery White),4 GB , 64 GB 
113,16.26 ,64MP + 8MP + 2MP + 2MP ,Qualcomm Snapdragon 720G Processor,"21,999", 32,4500 ,Realme 7 Pro (Sun Kissed Leather),8 GB , 128 GB 
114,16.59 ,13MP + 8MP + 2MP + 2MP ,Qualcomm Snapdragon 665 Processor,"16,490", 16,5000 ,Vivo Y50 (Iris Blue),8 GB , 128 GB 
115,16.59 ,13MP + 8MP + 2MP + 2MP ,Qualcomm Snapdragon 665 Processor,"16,490", 16,5000 ,Vivo Y50 (Pearl White),8 GB , 128 GB 
116,16.51 ,64MP + 8MP + 5MP + 2MP ,Qualcomm Snapdragon 730G Processor,"17,499", 16,5000 ,Motorola One Fusion+ (Moonlight White),6 GB , 128 GB 
117,16.94 ,64MP + 8MP + 2MP + 2MP ,Qualcomm Snapdragon 730G Processor,"14,999", 20,4500 ,POCO X2 (Atlantis Blue),6 GB , 64 GB 
118,15.75 ,13MP + 2MP ,MediaTek Helio P35 Processor,"10,999", 8,4230 ,OPPO A5s (Blue),4 GB , 64 GB 
119,16.94 ,48MP + 8MP + 2MP ,Qualcomm Snapdragon 750G Processor,"18,999", 16,5000 ,Moto G 5G (Volcanic Grey),6 GB , 128 GB 
120,16.71 ,48MP + 8MP + 2MP ,Qualcomm Snapdragon 665 Processor,"17,990", 16,5000 ,Vivo Y51 (Titanium Sapphire),8 GB , 128 GB 
121,15.46 ,8MP + 0.3MP ,Unisoc SC9863A Octa Core Processor,"6,299", 5,4000 ,Itel Vision1 (Gradation Green),3 GB , 32 GB 
122,15.46 ,8MP + 0.3MP ,Unisoc SC9863A Octa Core Processor,"6,299", 5,4000 ,Itel Vision1 (Gradation Blue),3 GB , 32 GB 
123,17.22 ,64MP + 2MP + 2MP ,Qualcomm Snapdragon 662 Processor,"11,999", 16,6000 ,Motorola G9 Power (Electric Violet),4 GB , 64 GB 
124,16.94 ,64MP + 8MP + 2MP + 2MP ,Qualcomm Snapdragon 730G Processor,"14,999", 20,4500 ,POCO X2 (Matrix Purple),6 GB , 64 GB 
125,16.36 ,64MP + 8MP + 2MP ,Qualcomm Snapdragon 730 Processor,"24,990", 44,4000 ,Vivo V20 2021 (Midnight Jazz),8 GB , 128 GB 
126,16.36 ,64MP + 8MP + 2MP ,Qualcomm Snapdragon 730 Processor,"24,990", 44,4000 ,Vivo V20 2021 (Sunset Melody),8 GB , 128 GB 
127,16.54 ,13MP + 2MP + 2MP ,Qualcomm Snapdragon 460 Processor,"12,990", 8,5000 ,Vivo Y20 (Obsidian Black),4 GB , 64 GB 
128,16.54 ,13MP + 2MP + 2MP ,Qualcomm Snapdragon 460 Processor,"12,990", 8,5000 ,Vivo Y20 (Purist Blue),4 GB , 64 GB 
129,16.54 ,13MP + 2MP + 2MP ,Qualcomm Snapdragon 460 Processor,"12,990", 8,5000 ,Vivo Y20 (Dawn White),4 GB , 64 GB 
130,17.65 ,48MP + 2MP + 2MP + AI Lens Camera ,MediaTek Helio G70 Processor,"10,999", 16,5000 ,Infinix Note 7 (Aether Black),4 GB , 64 GB 
131,17.65 ,48MP + 2MP + 2MP + AI Lens Camera ,MediaTek Helio G70 Processor,"10,999", 16,5000 ,Infinix Note 7 (Forest Green),4 GB , 64 GB 
132,16.43 ,13MP + 8MP + 2MP + 2MP ,MediaTek Helio P35 Processor,"13,990", 8,5000 ,Vivo Y30 (Dazzle Blue),4 GB , 128 GB 
133,16.94 ,64MP + 8MP + 2MP + 2MP ,Qualcomm Snapdragon 730G Processor,"15,999", 20,4500 ,POCO X2 (Phoenix Red),6 GB , 128 GB 
134,16.43 ,13MP + 8MP + 2MP + 2MP ,MediaTek Helio P35 Processor,"13,990", 8,5000 ,Vivo Y30 (Emerald Black),4 GB , 128 GB 
135,13.87 ,8MP Rear Camera ,MediaTek Quad Core Processor,"5,001", 8,4000 ,Panasonic Eluga I7 (Black),2 GB , 16 GB 
136,16.51 ,48MP + 2MP ,Qualcomm Snapdragon 460 Processor,"9,999", 8,5000 ,Motorola E7 Plus (Misty Blue),4 GB , 64 GB 
137,16.51 ,48MP + 8MP + 2MP + 2MP ,MediaTek Helio G90T Processor,"13,999", 16,4300 ,Realme 6i (Lunar White),6 GB , 64 GB 
138,17.27 ,16MP + 2MP + 2MP + AI Lens Quad Camera ,MediaTek Helio G80 Processor,"10,499", 8,6000 ,Tecno POVA (Magic Blue),4 GB , 64 GB 
139,16.56 ,13MP + 8MP + 2MP + 2MP ,Qualcomm Snapdragon 460 Processor,"10,999", 8,6000 ,Realme C15 Qualcomm Edition (Power Blue),4 GB , 64 GB 
140,16.94 ,48MP + 8MP + 5MP + 2MP ,Qualcomm® Snapdragon™ 720G Processor,"13,619", 16,5020 ,Redmi Note 9 Pro (Glacier White),4 GB , 64 GB 
141,16.94 ,48MP + 8MP + 5MP + 2MP ,Qualcomm® Snapdragon™ 720G Processor,"18,689", 16,5020 ,Redmi Note 9 Pro (Interstellar Black),6 GB , 128 GB 
142,16.64 ,48MP + 2MP + 2MP + QVGA Rear Camera ,Helio P22 MT6762 Processor,"9,999", 16,5000 ,Tecno Camon 15 (Dark Jade),4 GB , 64 GB 
143,16.54 ,13MP + 2MP + 2MP ,Qualcomm Snapdragon 460 Processor,"11,490", 8,5000 ,Vivo Y20i (Dawn White),3 GB , 64 GB 
144,16.54 ,13MP + 2MP + 2MP ,Qualcomm Snapdragon 460 Processor,"11,490", 8,5000 ,Vivo Y20i (Nebula Blue),3 GB , 64 GB 
145,16.51 ,48MP + 2MP + 2MP ,Qualcomm Snapdragon 662 Processor,"10,999", 8,5000 ,Motorola G9 (Sapphire Blue),4 GB , 64 GB 
146,16.13 ,13MP + 2MP ,SDM439 Processor,"9,490", 8,5000 ,Vivo Y11 (Mineral Blue),3 GB , 32 GB 
147,16.13 ,13MP + 2MP ,SDM439 Processor,"9,490", 8,5000 ,Vivo Y11 (Agate Red),3 GB , 32 GB 
148,15.46 ,8MP Rear Camera ,UNISOC SC9863A OCTA CORE Processor,"6,599", 5,4000 ,Itel VISION1 (GRADATION GREEN),2 GB , 32 GB 
149,14.48 ,13MP + 2MP ,Qualcomm Snapdragon (SDM439) Octa Core Processor,"8,055", 5,4000 ,Samsung Galaxy M01 (Blue),3 GB , 32 GB 
150,16.43 ,13MP + 8MP + 2MP + 2MP ,MediaTek Helio P35 Processor,"14,990", 8,5000 ,Vivo Y30 (Dazzle Blue),6 GB , 128 GB 
151,16.71 ,48MP + 8MP + 2MP ,Qualcomm Snapdragon 665 Processor,"17,990", 16,5000 ,Vivo Y51 (Crystal Symphony),8 GB , 128 GB 
152,16.94 ,48MP + 8MP + 2MP ,Qualcomm Snapdragon 750G Processor,"18,999", 16,5000 ,Moto G 5G (Frosted Silver),6 GB , 128 GB 
153,16.56 ,13MP + 8MP + 2MP + 2MP ,Qualcomm Snapdragon 460 Processor,"10,999", 8,6000 ,Realme C15 Qualcomm Edition (Power Silver),4 GB , 64 GB 
154,16.26 ,64MP + 8MP + 2MP + 2MP ,Qualcomm Snapdragon 720G Processor,"19,999", 32,4500 ,Realme 7 Pro (Mirror Silver),6 GB , 128 GB 
155,16.26 ,64MP + 8MP + 2MP + 2MP ,Qualcomm Snapdragon 720G Processor,"21,999", 32,4500 ,Realme 7 Pro (Mirror Silver),8 GB , 128 GB 
156,16.94 ,48MP + 8MP + 5MP + 2MP ,Qualcomm® Snapdragon™ 720G Processor,"15,077", 16,5020 ,Redmi Note 9 Pro (Glacier White),4 GB , 128 GB 
157,16.94 ,48MP + 8MP ,Qualcomm Snapdragon 720G Processor,"15,220", 16,5020 ,Redmi Note 9 Pro (Aurora Blue),4 GB , 128 GB 
158,15.75 ,13MP + 2MP ,MediaTek Helio P35 Processor,"14,275", 8,4230 ,OPPO A5s (Gold),4 GB , 64 GB 
159,17.27 ,16MP + 2MP + 2MP + AI Lens Quad Camera ,MediaTek Helio G80 Processor,"10,499", 8,6000 ,Tecno POVA (Speed Purple),4 GB , 64 GB 
160,17.27 ,16MP + 2MP + 2MP + AI Lens Quad Camera ,MediaTek Helio G80 Processor,"11,999", 8,6000 ,Tecno POVA (Magic Blue),6 GB , 128 GB 
161,16.76 ,64MP + 12MP + 8MP + 2MP ,Snapdragon 720G Processor,"17,999", 16,4300 ,Realme 6 Pro (Lightning Blue),8 GB , 128 GB 
162,15.44 ,13MP + 5MP ,Octa Core Processor,"6,877", 13,3950 ,Lava Z66 (Berry Red),3 GB , 32 GB 
163,15.44 ,13MP + 5MP ,Octa Core Processor,"6,877", 13,3950 ,Lava Z66 (Marine Blue),3 GB , 32 GB 
164,16.54 ,13MP + 2MP ,Snapdragon 439 Processor,"9,990", 8,5000 ,Vivo Y12s (Glacier Blue),3 GB , 32 GB 
165,16.54 ,13MP + 2MP ,Snapdragon 439 Processor,"9,990", 8,5000 ,Vivo Y12s (Phantom Black),3 GB , 32 GB 
166,16.51 ,64MP + 8MP + 2MP + 2MP ,MediaTek Helio G90T Processor,"13,999", 16,4300 ,Realme 6 (Comet Blue),4 GB , 64 GB 
167,16.51 ,48MP + 8MP + 2MP + 2MP ,MediaTek Helio G90T Processor,"13,999", 16,4300 ,Realme 6i (Eclipse Black),6 GB , 64 GB 
168,16.76 ,48 MP + 2 MP + 2 MP + Low Light Sensor ,MediaTek Helio P22 (64 bit) Processor,"10,499", 8,5000 ,Infinix Hot 9 Pro (Ocean Wave),4 GB , 64 GB 
169,16.76 ,48 MP + 2 MP + 2 MP + Low Light Sensor ,MediaTek Helio P22 (64 bit) Processor,"10,499", 8,5000 ,Infinix Hot 9 Pro (Quetzal Cyan),4 GB , 64 GB 
170,16.56 ,13MP + 8MP + 2MP + 2MP ,Qualcomm Snapdragon 460 Processor,"9,999", 8,6000 ,Realme C15 Qualcomm Edition (Power Silver),3 GB , 32 GB 
171,16.56 ,13MP + 8MP + 2MP + 2MP ,Qualcomm Snapdragon 460 Processor,"9,999", 8,6000 ,Realme C15 Qualcomm Edition (Power Blue),3 GB , 32 GB 
172,16.94 ,48MP + 8MP + 5MP + 2MP ,Qualcomm® Snapdragon™ 720G Processor,"13,419", 16,5020 ,Redmi Note 9 Pro (Interstellar Black),4 GB , 64 GB 
173,16.94 ,48MP + 8MP + 5MP + 2MP ,Qualcomm® Snapdragon™ 720G Processor,"14,979", 16,5020 ,Redmi Note 9 Pro (Champagne Gold),4 GB , 128 GB 
174,16.59 ,48MP Rear Camera ,QualcommÂ® Snapdragonâ¢ 662 Processor,"11,878", 8,6000 ,Redmi 9 Power (Blazing Blue),4 GB , 64 GB 
175,16.51 ,13MP + 2MP + 2MP ,Qualcomm Snapdragon 460 Processor,"10,990", 8,5000 ,OPPO A33 (Mint Cream),3 GB , 32 GB 
176,15.8 ,13MP Rear Camera ,MediaTek Helio P22 Processor,"8,490", 5,4030 ,Vivo Y91i (Fusion Black),3 GB , 32 GB 
177,16.76 ,64MP + 12MP + 8MP + 2MP ,Snapdragon 720G Processor,"15,999", 16,4300 ,Realme 6 Pro (Lightning Orange),6 GB , 64 GB 
178,16.51 ,48MP + 8MP + 2MP + 2MP ,MediaTek Helio G90T Processor,"12,999", 16,4300 ,Realme 6i (Lunar White),4 GB , 64 GB 
179,17.27 ,16MP + 2MP + 2MP + AI Lens Quad Camera ,MediaTek Helio G80 Processor,"11,999", 8,6000 ,Tecno POVA (Speed Purple),6 GB , 128 GB 
180,15.8 ,13MP Rear Camera ,MediaTek Helio P22 Processor,"8,490", 5,4030 ,Vivo Y91i (Fusion Black),3 GB , 32 GB 
181,16.76 ,64MP + 12MP + 8MP + 2MP ,Snapdragon 720G Processor,"15,999", 16,4300 ,Realme 6 Pro (Lightning Orange),6 GB , 64 GB 
182,16.33 ,48MP + 8MP + 2MP + 2MP ,MediaTek Helio P95 Processor,"21,490", 16,4015 ,OPPO F17 Pro (Metallic White),8 GB , 128 GB 
183,17.78 ,16 MP + 5 MP + 2 MP + AI Lens ,MediaTek Helio P22 Octa Core Processor,"9,999", 16,6000 ,Tecno Spark Power 2 (Misty Grey),4 GB , 64 GB 
184,16.59 ,13MP Rear Camera ,MediaTek Helio G80 Processor,"11,792", 8,5020 ,Redmi 9 Prime (Sunrise Flare),4 GB , 128 GB 
185,15.44 ,13MP + 5MP ,Octa Core Processor,"7,999", 13,3950 ,Lava Z66 (Midnight Blue),3 GB , 32 GB 
186,16.51 ,13MP + 2MP + 2MP ,Qualcomm Snapdragon 460 Processor,"12,990", 16,5000 ,OPPO A53 (Electric Black),4 GB , 64 GB 
187,16.51 ,13MP + 2MP + 2MP ,Qualcomm Snapdragon 460 Processor,"15,490", 16,5000 ,OPPO A53 (Fancy Blue),6 GB , 128 GB 
188,16.51 ,13MP + 2MP + 2MP ,Qualcomm Snapdragon 460 Processor,"15,490", 16,5000 ,OPPO A53 (Fairy White),6 GB , 128 GB 
189,6.1 ,0.3MP Rear Camera ,0 0 0 0 Processor Processor,"2,799", 0.3,1020 ,Nokia 216/216 DS),16 MB , NA 
190,16.36 ,48MP + 8MP + 2MP + 2MP ,Qualcomm Snapdragon 712 AIE Processor,"27,990", 32,4500 ,Vivo V19 (Mystic Silver),8 GB , 256 GB 
191,16.36 ,64MP + 8MP + 2MP ,Qualcomm Snapdragon 765G Processor,"29,990", 44,4000 ,Vivo V20 Pro (Midnight Jazz),8 GB , 128 GB 
192,16.36 ,48MP + 8MP + 2MP ,Qualcomm Snapdragon 665 Processor,"20,990", 32,4100 ,Vivo V20 SE (Gravity Black),8 GB , 128 GB 
193,16.69 ,64MP + 12MP + 8MP + 2MP ,Qualcomm Snapdragon 855+ Processor,"22,999", 16,4200 ,Realme X3 (Arctic White),8 GB , 128 GB 
194,15.8 ,12MP Rear Camera ,Qualcomm Snapdragon 439 Processor,"8,449", 8,5000 ,Redmi 8A (Ocean Blue),3 GB , 32 GB 
195,16.36 ,48MP + 8MP + 2MP ,Qualcomm Snapdragon 665 Processor,"20,990", 32,4100 ,Vivo V20 SE (Aquamarine Green),8 GB , 128 GB 
196,13.46 ,8MP Rear Camera ,MediaTek | MT6739WW quad core  Processor,"6,180", 5,3000 ,Samsung M01 core (Black),2 GB , 32 GB 
197,16.59 ,13MP + 8MP ,MediaTek Helio G35 Processor,"10,397", 8,5000 ,Redmi 9 (Sky Blue),4 GB , 128 GB 
198,16.59 ,13MP + 2MP ,MediaTek Helio G35 Processor,"9,869", 5,5000 ,Redmi 9 (Sky Blue),4 GB , 64 GB 
199,16.94 ,64MP + 8MP + 5MP + 2MP ,Qualcomm Snapdragon 720G Processor,"18,799", 32,5020 ,Redmi Note 9 Pro Max (Glacier White),6 GB , 128 GB 
200,16.0 ,48MP + 8MP + 2MP + 2MP ,Qualcomm Snapdragon 665 Processor,"12,999", 13,4000 ,Redmi Note 8 (Neptune Blue),4 GB , 64 GB 
201,16.56 ,12MP + 2MP ,Helio G70 Processor,"8,999", 5,5000 ,Realme C3 (Frozen Blue),3 GB , 32 GB 
202,16.36 ,48MP + 13MP + 13MP + 2MP ,Qualcomm Snapdragon 865 Processor,"34,990", 16,4440 ,iQOO 3 (5G) (Tornado Black),12 GB , 256 GB 
203,17.27 ,64MP + 2MP + 2MP + AI Lens Quad AI Camera ,MediaTek Helio G70 Processor,"11,499", 16,5000 ,Tecno Camon 16 (Cloud White),4 GB , 64 GB 
204,16.59 ,13MP Rear Camera ,MediaTek Helio G25 Processor,"8,299", 5,5000 ,Redmi 9A (Sea Blue),3 GB , 32 GB 
205,16.59 ,13MP Rear Camera ,MediaTek Helio G25 Processor,"8,179", 5,5000 ,Redmi 9A (Midnight Black),3 GB , 32 GB 
206,16.64 ,48MP + 2MP + 2MP + QVGA Rear Camera ,Helio P22 MT6762 Processor,"9,999", 16,5000 ,Tecno Camon 15 (SHOAL GOLD),4 GB , 64 GB 
207,13.46 ,8MP Rear Camera ,MediaTek | MT6739WW quad core  Processor,"6,299", 5,3000 ,Samsung M01 core (Blue),2 GB , 32 GB 
208,17.4 ,48MP + 8MP + 2MP + AI Lens Camera ,MediaTek Helio G90T Processor,"14,999", 16,4500 ,Infinix Zero 8i (Black Diamond),8 GB , 128 GB 
209,16.56 ,12MP + 2MP ,Helio G70 Processor,"8,999", 5,5000 ,Realme C3 (Volcano Grey),3 GB , 32 GB 
210,16.26 ,13MP + 5MP + 2MP ,Qualcomm Snapdragon (SDM450-F01) Octa Core Processor,"10,390", 8,5000 ,Samsung Galaxy M11 (Violet),3 GB , 32 GB 
211,13.84 ,8MP Rear Camera ,MediaTek Helio P22 (MT6762R) Octa Core Processor,"5,999", 5,3020 ,Honor 9S (Blue),2 GB , 32 GB 
212,16.94 ,48MP + 8MP + 5MP + 2MP ,Qualcomm® Snapdragon™ 720G Processor,"19,499", 16,5020 ,Redmi Note 9 Pro (Aurora Blue),6 GB , 128 GB 
213,16.51 ,48MP + 8MP + 13MP + 2MP ,Qualcomm Snapdragon 730G Processor,"38,990", 16,4000 ,OPPO Reno2 (Luminous Black),8 GB , 256 GB 
214,16.26 ,48MP + 8MP + 5MP + 5MP ,MediaTek (MT6768) Octa Core Processor,"17,999", 20,5000 ,Samsung Galaxy A31 (Prism Crush Black),6 GB , 128 GB 
215,15.8 ,13MP Rear Camera ,MTK Helio P22 Processor,"7,990", 5,4030 ,Vivo Y91i (Ocean Blue),2 GB , 32 GB 
216,16.94 ,64MP Rear Camera ,Qualcomm Snapdragon 865 Processor,"34,999", 20,5000 ,Mi 10T (Cosmic Black),8 GB , 128 GB 
217,16.26 ,13MP + 5MP + 2MP ,Qualcomm Snapdragon (SDM450-F01) Octa Core Processor,"12,959", 8,5000 ,Samsung Galaxy M11 (Black),4 GB , 64 GB 
218,16.33 ,48MP + 8MP + 2MP + 2MP ,MediaTek Helio P95 Processor,"21,490", 16,4015 ,OPPO F17 Pro (Matte Black),8 GB , 128 GB 
219,16.26 ,48MP + 8MP + 5MP + 5MP ,MediaTek (MT6768) Octa Core Processor,"17,999", 20,5000 ,Samsung Galaxy A31 (Prism Crush Blue),6 GB , 128 GB 
220,16.33 ,48MP + 8MP + 2MP + 2MP ,MediaTek Helio P95 Processor,"21,490", 16,4015 ,OPPO F17 Pro (Magic Blue),8 GB , 128 GB 
221,16.69 ,64MP + 12MP + 8MP + 2MP ,Qualcomm Snapdragon 855+ Processor,"22,999", 16,4200 ,Realme X3 (Glacier Blue),8 GB , 128 GB 
222,16.36 ,64MP + 8MP + 2MP ,Qualcomm Snapdragon 765G Processor,"29,990", 44,4000 ,Vivo V20 Pro (Sunset Melody),8 GB , 128 GB 
223,16.51 ,13MP + 2MP + 2MP ,Qualcomm Snapdragon 460 Processor,"15,490", 16,5000 ,OPPO A53 (Electric Black),6 GB , 128 GB 
224,15.8 ,13MP + 2MP ,Qualcomm Snapdragon 439 Processor,"6,999", 8,5000 ,Redmi 8A Dual (Sea Blue),2 GB , 32 GB 
225,16.69 ,64MP + 8MP + 8MP + 2MP ,Qualcomm Snapdragon 855+ Processor,"28,999", 32,4200 ,Realme X3 SuperZoom (Arctic White),12 GB , 256 GB 
226,13.46 ,8MP Rear Camera ,MediaTek | MT6739WW quad core  Processor,"5,382", 5,3000 ,Samsung M01 core (Blue),1 GB , 16 GB 
227,15.8 ,13MP + 2MP ,Qualcomm Snapdragon 439 Processor,"8,419", 8,5000 ,Redmi 8A Dual (Sea Blue),3 GB , 64 GB 
228,16.51 ,64MP + 12MP ,Exynos 9611 octa core processor Processor,"22,289", 32,6000 ,Samsung M31s (Mirage Blue),8 GB , 128 GB 
229,15.8 ,13MP Rear Camera ,MTK Helio P22 Processor,"7,990", 5,4030 ,Vivo Y91i (Fusion Black),2 GB , 32 GB 
230,16.64 ,48MP + 2MP + 2MP + QVGA Rear Camera ,Helio P22 MT6762 Processor,"9,999", 16,5000 ,Tecno Camon 15 (Fascinating Purple),4 GB , 64 GB 
231,15.49 ,8MP Rear Camera ,MediaTek Helio P22 Processor,"7,990", 5,4000 ,OPPO A1K (Black),2 GB , 32 GB 
232,16.94 ,64MP + 8MP + 2MP + 2MP ,Qualcomm Snapdragon 730G Processor,"14,999", 20,4500 ,POCO X2 (Phoenix Red),6 GB , 64 GB 
233,13.84 ,8MP Rear Camera ,MediaTek Helio P22 (MT6762R) Octa Core Processor,"5,999", 5,3020 ,Honor 9S (Black),2 GB , 32 GB 
234,16.76 ,64MP + 12MP + 8MP + 2MP ,Snapdragon 720G Processor,"17,999", 16,4300 ,Realme 6 Pro (Lightning Red),8 GB , 128 GB 
235,15.8 ,13MP + 2MP ,Qualcomm Snapdragon 439 Processor,"8,995", 8,5000 ,Redmi 8A Dual (Sea Blue),3 GB , 32 GB 
236,15.8 ,12MP + 2MP ,Qualcomm Snapdragon 439 Processor,"9,999", 8,5000 ,Redmi 8 (Sapphire Blue),4 GB , 64 GB 
237,16.56 ,13MP + 2MP ,MediaTek Helio G35 (MT6765V/WB) Processor,"6,999", 8,5000 ,Micromax IN 1b (Purple),2 GB , 32 GB 
238,16.0 ,48MP + 8MP + 2MP + 2MP ,Qualcomm Snapdragon 665 Processor,"12,999", 13,4000 ,Redmi Note 8 (Cosmic Purple),4 GB , 64 GB 
239,16.51 ,12MP + 2MP + 2MP ,MediaTek Helio P35 Octa Core Processor,"10,990", 8,4230 ,OPPO A31 (Mystery Black),4 GB , 64 GB 
240,13.84 ,8MP Rear Camera ,Unisoc Octa Core Processor,"5,377", 5,3100 ,Lava Z61 Pro (Lavender Blue),2 GB , 16 GB 
241,13.84 ,8MP Rear Camera ,Unisoc Octa Core Processor,"5,377", 5,3100 ,Lava Z61 Pro (Champagne Gold),2 GB , 16 GB 
242,16.54 ,13MP + 2MP + 2MP ,Qualcomm Snapdragon 439 Processor,"11,490", 8,5000 ,Vivo Y20A (Nebula Blue),3 GB , 64 GB 
243,16.36 ,48MP + 13MP + 13MP + 2MP ,Qualcomm Snapdragon 865 Processor,"32,990", 16,4440 ,iQOO 3 (Quantum Silver),8 GB , 256 GB 
244,15.8 ,12MP + 2MP ,Qualcomm Snapdragon 439 Processor,"9,999", 8,5000 ,Redmi 8 (Ruby Red),4 GB , 64 GB 
245,16.51 ,12MP + 2MP + 2MP ,MediaTek Helio P35 Octa Core Processor,"15,990", 8,4230 ,OPPO A31 (Mystery Black),6 GB , 128 GB 
246,15.49 ,8MP Rear Camera ,MediaTek Helio P22 Processor,"7,990", 5,4000 ,OPPO A1K (Red),2 GB , 32 GB 
247,16.51 ,48MP + 8MP + 2MP + 2MP ,Qualcomm Snapdragon 665 Processor,"11,999", 13,5000 ,Realme 5s (Crystal Blue),4 GB , 128 GB 
248,16.13 ,13MP + 2MP + 8MP ,MediaTek Helio P22 Processor,"10,990", 8,5000 ,Vivo Y12 (Burgundy Red),3 GB , 64 GB 
249,15.8 ,13MP + 2MP ,Qualcomm Snapdragon 439 Processor,"8,440", 8,5000 ,Redmi 8A Dual (Midnight Grey),3 GB , 32 GB 
250,16.59 ,13MP Rear Camera ,MediaTek Helio G80 Processor,"11,638", 8,5020 ,Redmi 9 Prime (Space Blue),4 GB , 128 GB 
251,16.66 ,48MP + 13MP + 8MP + 5MP ,Qualcomm Snapdragon 730 Processor,"34,990", 32,4200 ,Vivo X50 (Glaze Black),8 GB , 128 GB 
252,16.51 ,13MP + 2MP ,MediaTek Helio P22 Processor,"10,399", 5,4500 ,Nokia 2.4 (Fjord Blue),3 GB , 64 GB 
253,13.84 ,8MP Rear Camera ,MediaTek Processor,"4,499", 5,3000 ,Panasonic ELUGA I6 (Black),2 GB , 16 GB 
254,16.56 ,12MP + 8MP + 2MP + 2MP ,Qualcomm Snapdragon 665 2 GHz Processor,"10,999", 8,5000 ,Realme 5i (Aqua Blue),4 GB , 64 GB 
255,15.21 ,8MP Rear Camera ,SC9863A Octa Core Processor,"6,999", 5,3040 ,Nokia C3 (Nordic Blue),2 GB , 16 GB 
256,17.27 ,64MP + 2MP + 2MP + AI Lens Quad AI Camera ,MediaTek Helio G70 Processor,"11,499", 16,5000 ,Tecno Camon 16 (Purist Blue),4 GB , 64 GB 
257,16.26 ,13MP + 5MP + 2MP ,Qualcomm Snapdragon (SDM450-F01) Octa Core Processor,"10,388", 8,5000 ,Samsung Galaxy M11 (Metallic Blue),3 GB , 32 GB 
258,16.51 ,48MP + 8MP + 2MP + 2MP ,Exynos 850 Octa Core Processor,"14,999", 13,5000 ,Samsung Galaxy A21s (Blue),4 GB , 64 GB 
259,16.54 ,13MP + 2MP + 2MP ,Qualcomm Snapdragon 439 Processor,"11,490", 8,5000 ,Vivo Y20A (Dawn White),3 GB , 64 GB 
260,16.26 ,48MP + 8MP + 5MP + 5MP ,MediaTek (MT6768) Octa Core Processor,"17,999", 20,5000 ,Samsung Galaxy A31 (Prism Crush White),6 GB , 128 GB 
261,16.36 ,16MP + 8MP + 2MP + 2MP ,Qualcomm Snapdragon 662 Processor,"16,990", 16,4015 ,OPPO F17 (Classic Silver),6 GB , 128 GB 
262,16.56 ,12MP + 2MP + 2MP ,MediaTek Helio G70 (12 nm) Processor,"8,999", 5,5000 ,Realme Narzo 10A (So White),3 GB , 32 GB 
263,16.26 ,48MP + 8MP + 5MP ,Exynos 9611-Octa Core processor Processor,"14,990", 20,6000 ,Samsung Galaxy M21 (Raven Black),4 GB , 64 GB 
264,16.13 ,13MP + 2MP + 8MP ,MediaTek Helio P22 Processor,"10,990", 8,5000 ,Vivo Y12 (Aqua Blue),3 GB , 64 GB 
265,16.51 ,48MP + 8MP + 2MP + 2MP ,Qualcomm Snapdragon 665 Processor,"14,990", 16,5000 ,OPPO A9 2020 (Marine Green),8 GB , 128 GB 
266,16.51 ,64MP + 8MP + 2MP + 2MP ,MediaTek Helio G90T Processor,"13,999", 16,4300 ,Realme 6 (Comet White),4 GB , 64 GB 
267,15.8 ,13MP + 2MP ,Qualcomm Snapdragon 439 Processor,"9,790", 8,5000 ,Redmi 8A Dual (Midnight Grey),3 GB , 64 GB 
268,16.69 ,64MP + 8MP + 8MP + 2MP ,Qualcomm Snapdragon 855+ Processor,"28,999", 32,4200 ,Realme X3 SuperZoom (Glacier Blue),12 GB , 256 GB 
269,15.8 ,13MP + 2MP ,MediaTek Helio P35 Octa Core Processor,"8,490", 5,4230 ,OPPO A11K (Deep Blue),2 GB , 32 GB 
270,15.8 ,13MP + 2MP ,MediaTek Helio P35 Octa Core Processor,"8,490", 5,4230 ,OPPO A11K (Flowing Silver),2 GB , 32 GB 
271,16.51 ,12MP + 8MP + 2MP + 2MP ,Qualcomm Snapdragon 665 Processor,"16,980", 16,5000 ,OPPO A52 (Twilight Black),6 GB , 128 GB 
272,16.64 ,16 MP + 2 MP + 2 MP + QVGA Quad AI Camera ,MediaTek Helio A25 Octa Core Processor,"10,495", 8,5000 ,Tecno Spark 5 Pro (Ice Jadeite),4 GB , 64 GB 
273,16.26 ,64MP + 13MP + 8MP + 2MP ,MediaTek Helio P95 Processor,"24,978", 44,4025 ,OPPO Reno3 Pro (Sky White),8 GB , 128 GB 
274,15.8 ,12MP + 2MP ,Qualcomm Snapdragon 439 Processor,"10,999", 8,5000 ,Redmi 8 (Onyx Black),4 GB , 64 GB 
275,15.8 ,13MP Rear Camera ,MTK Helio P22 Processor,"8,950", 5,4030 ,Vivo Y91i (Ocean Blue),2 GB , 16 GB 
276,16.26 ,64MP + 8MP + 5MP + 5MP ,Samsung Exynos 9 Octa 9611 Processor,"16,769", 32,6000 ,Samsung Galaxy M31 (Space Black),6 GB , 64 GB 
277,13.46 ,8MP Rear Camera ,MediaTek | MT6739WW quad core  Processor,"6,468", 5,3000 ,Samsung M01 core (Red),2 GB , 32 GB 
278,17.27 ,12MP (Dual Aperture) + 12MP + 16MP + TOF ,Super AMOLED Display,"54,999", 10,4300 ,Samsung Galaxy Note 10 Plus (Aura Black),12 GB , 256 GB 
